<?xml version="1.0" encoding="UTF-8"?>
<beans xmlns="http://www.springframework.org/schema/beans"
	xmlns:xsi="http://www.w3.org/2001/XMLSchema-instance"
	xsi:schemaLocation="http://www.springframework.org/schema/beans
https://www.springframework.org/schema/beans/spring-beans.xsd">

	<bean id="sam" class="com.cognizant.springlearn.Employee">
		<property name="id" value="1"/>
		<property name="name" value="Sam"/>
		<property name="salary" value="30000"/>
		<property name="permanent" value="true"/>
	</bean>
	<bean id="alice" class="com.cognizant.springlearn.Employee">
		<property name="id" value="2"/>
		<property name="name" value="Alice"/>
		<property name="salary" value="40000"/>
		<property name="permanent" value="true"/>
	</bean>
	<bean id="leo" class="com.cognizant.springlearn.Employee">
		<property name="id" value="3"/>
		<property name="name" value="Leo"/>
		<property name="salary" value="27500"/>
		<property name="permanent" value="true"/>
	</bean>
	<bean id="chris" class="com.cognizant.springlearn.Employee">
		<property name="id" value="4"/>
		<property name="name" value="Chris"/>
		<property name="salary" value="45000"/>
		<property name="permanent" value="true"/>
	</bean>
	<bean id="steve" class="com.cognizant.springlearn.Employee">
		<property name="id" value="5"/>
		<property name="name" value="Steve"/>
		<property name="salary" value="20000"/>
		<property name="permanent" value="true"/>
	</bean>
	
	<bean id="employeeList" class="java.util.ArrayList">
		<constructor-arg>
			<list>
				<ref bean="sam"/>
				<ref bean="alice"/>
				<ref bean="leo"/>
				<ref bean="chris"/>
				<ref bean="steve"/>
			</list>
		</constructor-arg>
	</bean>
</beans>